event_index,sign,be10_onset_bp,be10_end_bp,be10_center_bp,be10_duration_years,be10_amplitude_sigma,c14_onset_bp,c14_end_bp,c14_center_bp,c14_duration_years,c14_amplitude_sigma
1,1,307.2,389.2,334.2,82.0,1.843,313.0,396.0,346.0,83.0,2.273
2,0,390.2,551.2,487.2,161.0,-2.09,397.0,564.0,500.0,167.0,-1.908
3,1,552.2,610.2,577.2,58.0,2.251,565.0,601.0,580.0,36.0,1.763
4,0,611.2,686.2,667.2,75.0,-1.788,602.0,693.0,650.0,91.0,-1.602
5,1,687.2,725.2,701.2,38.0,2.431,694.0,718.0,700.0,24.0,0.4335
6,1,725.2,770.2,750.2,45.0,1.033,738.0,779.0,749.0,41.0,0.8133
7,1,770.2,832.2,812.2,62.0,1.274,796.0,826.0,810.0,30.0,1.898
8,1,832.2,897.2,851.2,65.0,0.9834,826.0,871.0,840.0,45.0,1.301
9,0,898.2,945.2,923.2,47.0,-1.516,872.0,937.0,900.0,65.0,-1.328
10,0,945.2,975.2,961.2,30.0,-0.9218,950.0,967.0,959.0,17.0,-0.4451
11,1,976.2,1032.0,1013.0,55.8,1.321,968.0,1037.0,1025.0,69.0,1.221
12,0,1033.0,1064.0,1049.0,31.0,-1.312,1038.0,1066.0,1050.0,28.0,-1.025
13,1,1065.0,1099.0,1080.0,34.0,1.064,1067.0,1128.0,1100.0,61.0,0.8415
14,0,1161.0,1193.0,1174.0,32.0,-0.7733,1157.0,1185.0,1170.0,28.0,-1.38
15,1,1194.0,1216.0,1207.0,22.0,0.6852,1186.0,1210.0,1198.0,24.0,0.9879
16,0,1217.0,1324.0,1274.0,107.0,-2.997,1211.0,1313.0,1260.0,102.0,-1.582
17,0,1324.0,1357.0,1339.0,33.0,-1.336,1329.0,1352.0,1343.0,23.0,-0.2819
18,1,1387.0,1404.0,1395.0,17.0,0.7903,1388.0,1399.0,1394.0,11.0,0.07781
19,0,1405.0,1419.0,1413.0,14.0,-0.4045,1400.0,1411.0,1407.0,11.0,-0.1744
20,1,1420.0,1447.0,1433.0,27.0,1.461,1412.0,1484.0,1429.0,72.0,1.93
21,0,1448.0,1554.0,1533.0,106.0,-1.2,1485.0,1539.0,1516.0,54.0,-0.8846
22,1,1555.0,1594.0,1581.0,39.0,1.089,1540.0,1609.0,1579.0,69.0,1.345
23,1,1594.0,1666.0,1636.0,72.0,3.181,1609.0,1676.0,1645.0,67.0,1.87
24,0,1667.0,1703.0,1684.0,36.0,-1.486,1677.0,1711.0,1689.0,34.0,-0.9565
25,1,1704.0,1741.0,1726.0,37.0,1.715,1712.0,1800.0,1750.0,88.0,1.45
26,0,1809.0,1840.0,1826.0,31.0,-2.035,1801.0,1826.0,1817.0,25.0,-0.7722
27,1,1841.0,1864.0,1851.0,23.0,1.403,1827.0,1854.0,1836.0,27.0,0.7996
28,0,1865.0,1895.0,1880.0,30.0,-1.38,1855.0,1881.0,1865.0,26.0,-0.4776
29,1,1946.0,1990.0,1969.0,44.0,1.285,1946.0,1982.0,1959.0,36.0,1.315
30,0,1991.0,2003.0,1997.0,12.0,-0.1448,1983.0,1995.0,1989.0,12.0,-0.3792
31,1,2004.0,2038.0,2019.0,34.0,1.064,1996.0,2038.0,2016.0,42.0,1.603
32,1,2046.0,2118.0,2062.0,72.0,0.9905,2038.0,2094.0,2077.0,56.0,1.164
33,1,2118.0,2177.0,2150.0,59.0,2.689,2157.0,2179.0,2168.0,22.0,1.666
34,1,2197.0,2240.0,2213.0,43.0,1.661,2179.0,2205.0,2191.0,26.0,1.811
35,0,2271.0,2353.0,2294.0,82.0,-2.024,2252.0,2359.0,2298.0,107.0,-2.233
36,1,2354.0,2421.0,2397.0,67.0,2.048,2360.0,2454.0,2383.0,94.0,1.948
37,0,2422.0,2424.0,2423.0,2.0,-0.009704,2455.0,2469.0,2464.0,14.0,-0.1606
38,1,2425.0,2460.0,2446.0,35.0,0.964,2470.0,2483.0,2476.0,13.0,0.3819
39,0,2461.0,2499.0,2486.0,38.0,-1.281,2484.0,2493.0,2489.0,9.0,-0.2238
40,1,2500.0,2555.0,2526.0,55.0,1.49,2494.0,2540.0,2524.0,46.0,1.134
41,1,2555.0,2592.0,2583.0,37.0,1.084,2540.0,2599.0,2555.0,59.0,1.392
42,0,2593.0,2628.0,2608.0,35.0,-1.946,2600.0,2622.0,2610.0,22.0,-1.37
43,1,2629.0,2649.0,2640.0,20.0,1.242,2622.0,2639.0,2630.0,17.0,1.788
44,0,2650.0,2785.0,2740.0,135.0,-2.499,2640.0,2794.0,2700.0,154.0,-2.549
45,1,2786.0,2823.0,2807.0,37.0,2.721,2795.0,2824.0,2804.0,29.0,0.3534
46,0,2824.0,2867.0,2856.0,43.0,-1.274,2825.0,2879.0,2845.0,54.0,-1.104
47,1,2868.0,2884.0,2875.0,16.0,0.7792,2880.0,2911.0,2902.0,31.0,0.8453
48,0,2885.0,2896.0,2890.0,11.0,-0.234,2912.0,2933.0,2920.0,21.0,-0.8264
49,0,2906.0,2964.0,2936.0,58.0,-2.102,2933.0,2965.0,2951.0,32.0,-0.6469
50,1,2965.0,2991.0,2976.0,26.0,0.6846,2966.0,2990.0,2976.0,24.0,0.3892
51,0,2992.0,3051.0,3016.0,59.0,-0.7627,2991.0,3001.0,2998.0,10.0,-0.2258
52,1,3052.0,3123.0,3084.0,71.0,0.7932,3081.0,3130.0,3090.0,49.0,1.782
53,0,3124.0,3165.0,3140.0,41.0,-1.063,3131.0,3169.0,3139.0,38.0,-0.7537
54,1,3260.0,3294.0,3281.0,34.0,1.242,3274.0,3290.0,3281.0,16.0,0.7225
55,0,3295.0,3420.0,3308.0,125.0,-1.188,3291.0,3412.0,3320.0,121.0,-1.72
56,0,3420.0,3481.0,3438.0,61.0,-0.9411,3427.0,3480.0,3441.0,53.0,-1.319
57,1,3482.0,3538.0,3513.0,56.0,1.841,3481.0,3539.0,3495.0,58.0,1.253
58,0,3539.0,3604.0,3551.0,65.0,-0.6507,3540.0,3577.0,3554.0,37.0,-1.021
59,1,3605.0,3622.0,3613.0,17.0,0.229,3578.0,3607.0,3598.0,29.0,0.803
60,0,3623.0,3638.0,3629.0,15.0,-0.1047,3608.0,3617.0,3610.0,9.0,-0.155
61,1,3639.0,3689.0,3669.0,50.0,0.9252,3643.0,3671.0,3655.0,28.0,1.422
62,0,3690.0,3709.0,3700.0,19.0,-0.315,3672.0,3697.0,3685.0,25.0,-0.7638
63,1,3710.0,3742.0,3723.0,32.0,0.5352,3698.0,3720.0,3709.0,22.0,0.9006
64,1,3752.0,3809.0,3795.0,57.0,1.76,3760.0,3799.0,3788.0,39.0,1.561
65,0,3810.0,3824.0,3817.0,14.0,-0.5131,3800.0,3843.0,3825.0,43.0,-1.289
66,1,3825.0,3885.0,3849.0,60.0,1.918,3844.0,3885.0,3850.0,41.0,0.3168
67,1,3885.0,3950.0,3907.0,65.0,1.784,3925.0,3952.0,3941.0,27.0,1.317
68,0,3951.0,3983.0,3973.0,32.0,-0.9221,3953.0,3986.0,3960.0,33.0,-0.6242
69,1,3984.0,4055.0,4002.0,71.0,1.968,3987.0,4050.0,4028.0,63.0,1.753
70,0,4056.0,4095.0,4075.0,39.0,-1.387,4051.0,4093.0,4082.0,42.0,-0.9919
71,0,4095.0,4178.0,4133.0,83.0,-1.309,4131.0,4156.0,4145.0,25.0,-1.089
72,1,4179.0,4212.0,4190.0,33.0,0.4681,4179.0,4210.0,4194.0,31.0,1.653
73,0,4213.0,4253.0,4229.0,40.0,-0.9409,4211.0,4244.0,4225.0,33.0,-0.6433
74,1,4254.0,4257.0,4255.0,3.0,0.02145,4245.0,4282.0,4266.0,37.0,1.039
75,0,4258.0,4308.0,4290.0,50.0,-0.8062,4283.0,4294.0,4292.0,11.0,-0.084
76,1,4309.0,4333.0,4322.0,24.0,1.54,4295.0,4336.0,4325.0,41.0,1.201
77,0,4334.0,4366.0,4346.0,32.0,-1.064,4337.0,4360.0,4350.0,23.0,-0.5726
78,1,4367.0,4378.0,4373.0,11.0,0.2674,4361.0,4369.0,4365.0,8.0,0.2053
79,0,4379.0,4430.0,4403.0,51.0,-1.71,4370.0,4444.0,4411.0,74.0,-2.021
80,1,4431.0,4477.0,4459.0,46.0,1.761,4445.0,4488.0,4460.0,43.0,2.118
81,0,4478.0,4525.0,4510.0,47.0,-0.8271,4489.0,4530.0,4515.0,41.0,-1.387
82,1,4526.0,4572.0,4548.0,46.0,1.933,4531.0,4562.0,4539.0,31.0,1.089
83,0,4573.0,4586.0,4580.0,13.0,-0.3344,4563.0,4573.0,4569.0,10.0,-0.3348
84,1,4587.0,4613.0,4600.0,26.0,1.425,4574.0,4610.0,4595.0,36.0,1.278
85,1,4630.0,4677.0,4647.0,47.0,1.201,4610.0,4645.0,4634.0,35.0,0.9783
86,1,4677.0,4749.0,4714.0,72.0,2.044,4645.0,4685.0,4668.0,40.0,2.042
87,0,4750.0,4777.0,4759.0,27.0,-0.5566,4686.0,4705.0,4695.0,19.0,-0.285
88,1,4778.0,4780.0,4779.0,2.0,0.01552,4706.0,4763.0,4752.0,57.0,1.386
89,0,4781.0,4874.0,4851.0,93.0,-1.763,4764.0,4870.0,4824.0,106.0,-2.506
90,1,4875.0,4937.0,4897.0,62.0,1.578,4871.0,4946.0,4898.0,75.0,1.496
91,0,4938.0,4971.0,4954.0,33.0,-0.9667,4947.0,4976.0,4954.0,29.0,-0.4147
92,1,4972.0,5019.0,4993.0,47.0,0.818,4977.0,5020.0,4990.0,43.0,1.306
93,0,5020.0,5050.0,5038.0,30.0,-1.12,5021.0,5049.0,5030.0,28.0,-0.9394
94,1,5051.0,5127.0,5077.0,76.0,2.192,5050.0,5120.0,5100.0,70.0,2.709
95,1,5159.0,5185.0,5173.0,26.0,0.709,5120.0,5194.0,5156.0,74.0,2.379
96,0,5186.0,5326.0,5294.0,140.0,-2.053,5195.0,5329.0,5280.0,134.0,-2.206
97,1,5327.0,5397.0,5356.0,70.0,1.464,5330.0,5413.0,5344.0,83.0,2.372
98,0,5398.0,5477.0,5429.0,79.0,-2.345,5414.0,5487.0,5442.0,73.0,-2.136
99,1,5478.0,5531.0,5492.0,53.0,1.769,5488.0,5515.0,5500.0,27.0,1.36
100,0,5532.0,5612.0,5577.0,80.0,-2.361,5516.0,5614.0,5577.0,98.0,-2.928
101,1,5613.0,5637.0,5626.0,24.0,1.595,5615.0,5631.0,5624.0,16.0,0.2589
102,0,5638.0,5662.0,5649.0,24.0,-1.047,5632.0,5662.0,5645.0,30.0,-0.8933
103,1,5663.0,5689.0,5672.0,26.0,0.7331,5663.0,5695.0,5670.0,32.0,1.022
104,0,5720.0,5737.0,5731.0,17.0,-0.2074,5696.0,5752.0,5719.0,56.0,-0.5876
105,1,5738.0,5842.0,5794.0,104.0,2.497,5753.0,5831.0,5804.0,78.0,1.703
106,0,5843.0,5939.0,5916.0,96.0,-0.9011,5832.0,5942.0,5885.0,110.0,-1.803
107,1,5940.0,5976.0,5962.0,36.0,1.936,5943.0,5974.0,5960.0,31.0,1.229
108,0,5977.0,5997.0,5985.0,20.0,-0.8161,5975.0,5998.0,5986.0,23.0,-1.107
109,1,5998.0,6054.0,6037.0,56.0,1.641,5999.0,6062.0,6040.0,63.0,2.122
110,1,6069.0,6093.0,6086.0,24.0,0.1088,6062.0,6088.0,6077.0,26.0,1.782
111,0,6094.0,6136.0,6115.0,42.0,-1.076,6089.0,6124.0,6099.0,35.0,-0.41
112,1,6137.0,6148.0,6143.0,11.0,0.09062,6125.0,6152.0,6139.0,27.0,0.866
113,0,6149.0,6208.0,6181.0,59.0,-1.494,6153.0,6220.0,6174.0,67.0,-1.993
114,1,6209.0,6246.0,6225.0,37.0,0.8027,6221.0,6240.0,6230.0,19.0,0.6584
115,0,6247.0,6300.0,6267.0,53.0,-1.803,6241.0,6313.0,6272.0,72.0,-1.958
116,1,6346.0,6375.0,6362.0,29.0,1.246,6314.0,6348.0,6330.0,34.0,1.271
117,0,6376.0,6397.0,6388.0,21.0,-0.4585,6375.0,6411.0,6395.0,36.0,-1.175
118,1,6398.0,6420.0,6408.0,22.0,0.7523,6412.0,6434.0,6420.0,22.0,0.7463
119,0,6421.0,6449.0,6437.0,28.0,-0.6787,6435.0,6444.0,6439.0,9.0,-0.09322
120,1,6450.0,6472.0,6461.0,22.0,0.7507,6445.0,6485.0,6458.0,40.0,0.6159
121,0,6473.0,6488.0,6480.0,15.0,-0.3826,6486.0,6494.0,6489.0,8.0,-0.1071
122,1,6489.0,6542.0,6501.0,53.0,0.9528,6495.0,6561.0,6511.0,66.0,1.268
123,1,6559.0,6624.0,6576.0,65.0,1.87,6561.0,6612.0,6580.0,51.0,1.465
124,0,6625.0,6652.0,6634.0,27.0,-0.5313,6613.0,6645.0,6634.0,32.0,-0.8402
125,1,6653.0,6720.0,6686.0,67.0,1.32,6673.0,6725.0,6685.0,52.0,1.159
126,1,6720.0,6771.0,6741.0,51.0,1.887,6742.0,6775.0,6762.0,33.0,1.201
127,1,6771.0,6819.0,6802.0,48.0,1.682,6775.0,6845.0,6813.0,70.0,2.153
128,1,6850.0,6863.0,6858.0,13.0,0.2615,6845.0,6877.0,6867.0,32.0,0.6356
129,0,6864.0,6907.0,6881.0,43.0,-1.423,6878.0,6889.0,6885.0,11.0,-0.1438
130,0,6907.0,6955.0,6936.0,48.0,-1.247,6935.0,6946.0,6941.0,11.0,-0.07795
131,1,6956.0,6976.0,6964.0,20.0,0.3845,6947.0,6998.0,6960.0,51.0,0.6632
132,1,7032.0,7126.0,7114.0,94.0,1.279,6998.0,7122.0,7039.0,124.0,1.7069
133,0,7127.0,7172.0,7143.0,45.0,-1.632,7123.0,7176.0,7155.0,53.0,-1.736
134,0,7216.0,7278.0,7248.0,62.0,-1.839,7208.0,7277.0,7248.0,69.0,-1.389
135,1,7279.0,7285.0,7282.0,6.0,0.0457,7278.0,7287.0,7280.0,9.0,0.1667
136,0,7286.0,7328.0,7304.0,42.0,-0.6344,7288.0,7330.0,7314.0,42.0,-0.6517
137,0,7378.0,7428.0,7409.0,50.0,-1.532,7360.0,7440.0,7416.0,80.0,-2.221
138,1,7429.0,7459.0,7445.0,30.0,1.28,7441.0,7451.0,7445.0,10.0,0.1947
139,0,7496.0,7520.0,7509.0,24.0,-0.9759,7452.0,7518.0,7508.0,66.0,-0.6231
140,1,7521.0,7531.0,7526.0,10.0,0.1935,7519.0,7540.0,7531.0,21.0,0.548
141,0,7532.0,7608.0,7556.0,76.0,-1.178,7541.0,7594.0,7560.0,53.0,-1.652
142,1,7609.0,7620.0,7614.0,11.0,0.04574,7595.0,7602.0,7599.0,7.0,0.1649
143,0,7621.0,7644.0,7636.0,23.0,-0.3159,7603.0,7619.0,7610.0,16.0,-0.3648
144,0,7644.0,7695.0,7668.0,51.0,-1.697,7643.0,7684.0,7663.0,41.0,-0.7369
145,1,7696.0,7767.0,7730.0,71.0,0.5747,7685.0,7780.0,7708.0,95.0,0.979
146,0,7768.0,7783.0,7779.0,15.0,-0.07825,7781.0,7794.0,7789.0,13.0,-0.3671
147,1,7784.0,7810.0,7799.0,26.0,0.4246,7795.0,7818.0,7803.0,23.0,0.7267
148,0,7811.0,7826.0,7818.0,15.0,-0.229,7819.0,7847.0,7836.0,28.0,-0.3456
149,1,7827.0,7832.0,7830.0,5.0,0.05596,7848.0,7861.0,7854.0,13.0,0.1197
150,0,7833.0,7863.0,7844.0,30.0,-0.421,7862.0,7870.0,7867.0,8.0,-0.05769
151,1,7864.0,7913.0,7882.0,49.0,0.928,7871.0,7901.0,7890.0,30.0,1.292
152,0,7914.0,7956.0,7929.0,42.0,-0.8168,7902.0,7978.0,7925.0,76.0,-1.629
153,1,7957.0,8041.0,7992.0,84.0,1.873,7979.0,7991.0,7985.0,12.0,0.2422
154,0,8042.0,8058.0,8051.0,16.0,-0.2579,7992.0,8019.0,8001.0,27.0,-0.4283
155,1,8059.0,8108.0,8080.0,49.0,1.747,8020.0,8124.0,8083.0,104.0,1.987
156,0,8109.0,8148.0,8118.0,39.0,-0.3467,8125.0,8188.0,8157.0,63.0,-1.271
157,1,8216.0,8302.0,8259.0,86.0,1.593,8189.0,8269.0,8230.0,80.0,1.798
158,0,8303.0,8426.0,8395.0,123.0,-1.325,8270.0,8422.0,8375.0,152.0,-1.321
159,1,8427.0,8460.0,8442.0,33.0,0.9406,8423.0,8449.0,8435.0,26.0,1.081
160,0,8461.0,8539.0,8512.0,78.0,-0.7927,8530.0,8552.0,8540.0,22.0,-1.1
